<Shapes xmlns="http://www.evolus.vn/Namespace/Pencil"
xmlns:p="http://www.evolus.vn/Namespace/Pencil"
xmlns:svg="http://www.w3.org/2000/svg"
xmlns:xlink="http://www.w3.org/1999/xlink"
id="nz.nwatson.AndroidLollipop"
displayName="Android Lollipop"
description="UI components from Android 5.0 (Lollipop)"
author="Nathaniel Watson (nwatson.nz)"
url="https://github.com/nathanielw/Andriod-Lollipop-Pencil-Stencils">

	<Properties>
		<PropertyGroup>
			<Property name="iconBg" displayName="Icon background color" type="Color">#ffffff49</Property>
		</PropertyGroup>
		<PropertyGroup name="Text">
			<Property name="defaultTextFont" type="Font" displayName="Default Font">Roboto, Arial, sans-serif|400|normal|14px</Property>
			<Property name="defaultTextColor" type="Color" displayName="Default Text Color">#212121ff</Property>
		</PropertyGroup>
		<PropertyGroup name="Line">
			<Property name="strokeColor" type="Color" displayName="Default Line Color">#0000001F</Property>
			<Property name="strokeStyle" type="StrokeStyle" displayName="Default Line Style">1|</Property>
		</PropertyGroup>
		<PropertyGroup name="Background">
			<Property name="fillColor" type="Color" displayName="Default Background Color">#00bcd4ff</Property>
		</PropertyGroup>
		<PropertyGroup name="Background">
			<Property name="neutralFillColor" type="Color" displayName="Neutral Background Color">#FAFAFAFF</Property>
		</PropertyGroup>
	</Properties>


	<Script>
		<![CDATA[

		collection.log = function (str) {
			Components.classes['@mozilla.org/consoleservice;1']
			.getService(Components.interfaces.nsIConsoleService)
			.logStringMessage(str);
		}

		collection.setCssTextAlignment = function(css, h, v) {
			switch (parseInt(h, 10)) {
				case 0:
					css.set("text-align", "left");
					break;
				case 1:
					css.set("text-align", "center");
					break;
				case 2:
					css.set("text-align", "right");
					break;
			}

			switch (parseInt(v, 10)) {
				case 0:
					css.set("vertical-align", "top");
					break;
				case 1:
					css.set("vertical-align", "middle");
					break;
				case 2:
					css.set("vertical-align", "bottom");
					break;
			}
		}

		collection.setCssFontWeight = function(css, fontWeight) {
			css.set("font-weight", fontWeight);
		}

		]]>
	</Script>

	<Shape id="ActionBar" displayName="Action Bar" icon="Icons/ActionBar.png">
		<Properties>
			 <PropertyGroup>
				  <Property name="box" type="Dimension">360,56</Property>
			 </PropertyGroup>
			 <PropertyGroup name="Background">
				  <Property name="fillColor" displayName="Color" type="Color"><E>$$fillColor</E></Property>
			 </PropertyGroup>
		</Properties>
		<Behaviors>
			<For ref="bg">
				 <Box>$box</Box>
				 <Fill>$fillColor</Fill>
			</For>
			<For ref="shadow">
				<Transform>[translate(0, $box.h), scale($box.w, 1)]</Transform>
			</For>
		</Behaviors>

		<p:Content	 xmlns:p="http://www.evolus.vn/Namespace/Pencil"
										xmlns="http://www.w3.org/2000/svg">

			 <defs>
			<linearGradient
				id="shadowFill"
				x1="0%"
				y1="0%"
				x2="0%"
				y2="100%" >

				<stop
					id="stop1"
					offset="0"
					style="stop-color:#000000;stop-opacity:0.259" />
				<stop
					id="stop2"
					offset="1"
					style="stop-color:#000000;stop-opacity:0" />
			</linearGradient>
			 </defs>
			 <rect
			 id="bg" />
		 <rect
			 id="shadow"
			 width="1" height="6"
			 style="fill: url(#shadowFill)" />
		</p:Content>
	</Shape>

	<Shape id="NotificationBar" displayName="Notification Bar" icon="Icons/NotificationBar.png">
		<Properties>
			<PropertyGroup>
				<Property name="box" type="Dimension" p:lockHeight="true">360,24</Property>
			</PropertyGroup>
			<PropertyGroup name="Background">
				<Property name="fillColor" displayName="Background color" type="Color">#00000025</Property>
			</PropertyGroup>
		</Properties>

		<Behaviors>
			<For ref="bg">
				<Box>$box</Box>
				<Fill>$fillColor</Fill>
			</For>
			<For ref="icons">
				<Transform>[translate($box.w - 120, 5)]</Transform>
			</For>
		</Behaviors>

		<p:Content xmlns:p="http://www.evolus.vn/Namespace/Pencil"
		           xmlns="http://www.w3.org/2000/svg">

			<defs>
				<linearGradient id="statusIconBg">
					<stop
					style="stop-color:#ffffff;stop-opacity:0.28627452;"
					offset="0" />
				</linearGradient>
				<linearGradient id="statusIconFg">
					<stop
						style="stop-color:#ffffff;stop-opacity:0.90196079;"
						offset="0" />
				</linearGradient>
			</defs>

			<rect height="24"
			      p:lockH="true"
			      id="bg" />

			<g id="icons">

				<g style="fill: url(#statusIconBg)">
					<path d="m0 2.532c4.821-3.376 11.239-3.376 16.06 0l-8.03 11.468z"/>
					<path d="m28.662 14l14-14v14z"/>
					<path d="m60.662 0v1h-1c-.554 0-1 .446-1 1v11c0 .554.446 1 1 1h7c.554 0 1-.446 1-1v-11c0-.554-.446-1-1-1h-1v-1h-5"/>
				</g>

				<g style="fill: url(#statusIconFg)">
					<path d="m2.026 5.426c3.605-2.524 8.403-2.524 12.01 0l-6 8.575z"/>
					<path d="m28.662 14l7-7v7z"/>
					<path d="m58.662 7v6c0 .554.446 1 1 1h7c.554 0 1-.446 1-1v-6z"/>

					<path d="m82.71 13h-.879v-9.609l-2.9 1.077v-.82l3.633-1.348h.146v10.701"/>
					<path d="m93.63 13h-6.68v-.674l3.494-3.962c.327-.371.603-.706.828-1 .229-.298.413-.574.549-.828.142-.259.242-.5.3-.725.063-.229.095-.457.095-.681 0-.322-.049-.615-.146-.879-.093-.269-.234-.5-.425-.696-.186-.195-.417-.347-.696-.454-.278-.107-.598-.161-.959-.161-.371 0-.706.063-1 .19-.293.122-.544.293-.754.513-.205.22-.364.481-.476.784-.112.303-.168.632-.168.989h-.872c0-.439.073-.854.22-1.245.151-.391.369-.732.652-1.025.283-.293.625-.525 1.025-.696.405-.171.864-.256 1.377-.256.479 0 .911.066 1.296.198.386.127.713.315.981.564.269.244.474.544.615.901.146.352.22.752.22 1.201 0 .322-.059.647-.176.974-.117.327-.273.652-.469.974-.195.322-.42.642-.674.959-.254.317-.515.63-.784.938l-2.974 3.362h5.603v.74"/>
					<path d="m95.2 12.473c0-.171.054-.315.161-.432.112-.122.266-.183.461-.183.195 0 .349.061.461.183.112.117.168.261.168.432 0 .171-.056.313-.168.425-.112.107-.266.161-.461.161-.195 0-.349-.054-.461-.161-.107-.112-.161-.254-.161-.425m.015-6.76c0-.171.054-.315.161-.432.112-.122.266-.183.461-.183.195 0 .349.061.461.183.112.117.168.261.168.432 0 .171-.056.313-.168.425-.112.107-.266.161-.461.161-.195 0-.349-.054-.461-.161-.107-.112-.161-.254-.161-.425"/>
					<path d="m100.38 7.192h.894c.41 0 .769-.054 1.077-.161.312-.112.574-.261.784-.447.21-.19.366-.41.469-.659.107-.254.161-.522.161-.806 0-.322-.046-.615-.139-.879-.088-.269-.225-.498-.41-.688-.181-.195-.413-.347-.696-.454-.278-.107-.61-.161-.996-.161-.337 0-.647.051-.93.154-.283.103-.53.249-.74.439-.21.19-.374.422-.491.696-.117.269-.176.571-.176.908h-.879c0-.43.081-.825.242-1.187.166-.361.391-.671.674-.93.288-.264.627-.466 1.018-.608.396-.146.823-.22 1.282-.22.469 0 .896.066 1.282.198.386.132.713.325.981.579.273.249.483.557.63.923.151.366.227.786.227 1.26 0 .239-.039.479-.117.718-.078.234-.193.457-.344.667-.151.21-.342.403-.571.579-.229.171-.493.313-.791.425.352.098.654.232.908.403.254.166.461.361.623.586.166.225.288.471.366.74.083.269.124.549.125.842 0 .483-.083.913-.249 1.289-.166.376-.396.696-.688.959-.293.259-.64.457-1.04.593-.4.132-.835.198-1.304.198-.435 0-.857-.063-1.267-.19-.405-.127-.769-.315-1.091-.564-.317-.254-.574-.571-.769-.952-.19-.381-.286-.825-.286-1.333h.879c0 .337.061.647.183.93.127.283.303.527.527.732.225.2.491.356.798.469.313.112.654.168 1.025.168.757 0 1.345-.193 1.765-.579.425-.391.637-.955.637-1.692 0-.386-.066-.718-.198-.996-.127-.278-.31-.505-.549-.681-.234-.181-.518-.312-.85-.396-.327-.083-.691-.125-1.091-.125h-.894v-.747"/>
					<path d="m113.18 8.554c0 .781-.073 1.46-.22 2.036-.146.576-.359 1.055-.637 1.436-.278.376-.62.657-1.025.842-.405.186-.867.278-1.384.278-.513 0-.972-.093-1.377-.278-.405-.186-.75-.466-1.033-.842-.283-.381-.5-.859-.652-1.436-.151-.576-.227-1.255-.227-2.036v-1.802c0-.781.073-1.458.22-2.029.151-.576.366-1.05.645-1.421.283-.376.627-.654 1.033-.835.405-.186.864-.278 1.377-.278.513 0 .972.093 1.377.278.41.181.754.459 1.033.835.283.371.498.845.645 1.421.151.571.227 1.248.227 2.029v1.802m-.879-1.912c0-1.221-.2-2.144-.601-2.769-.396-.625-.996-.937-1.802-.938-.801 0-1.401.313-1.802.938-.4.625-.601 1.548-.601 2.769v2.01c0 .601.051 1.135.154 1.604.103.464.254.857.454 1.179.205.317.459.559.762.725.303.166.652.249 1.047.249.4 0 .749-.083 1.047-.249.303-.166.552-.408.747-.725.2-.322.349-.715.447-1.179.098-.469.146-1 .146-1.604v-2.01"/>
				</g>
			</g>
		</p:Content>
	</Shape>

	<Shape id="SoftKeys" displayName="Soft keys" icon="Icons/SoftKeys.png">
		<Properties>
			<PropertyGroup>
				<Property name="box" type="Dimension" p:lockHeight="true">360,48</Property>
			</PropertyGroup>
			<PropertyGroup name="Background">
				<Property name="fillColor" displayName="Color" type="Color">#000000FF</Property>
			</PropertyGroup>
		</Properties>

		<Behaviors>
			<For ref="bg">
				<Box>$box</Box>
				<Fill>$fillColor</Fill>
			</For>
			<For ref="icons">
				<Transform>[translate(($box.w / 2) - 108, 15)]</Transform>
			</For>
		</Behaviors>

		<p:Content	 xmlns:p="http://www.evolus.vn/Namespace/Pencil"
						xmlns="http://www.w3.org/2000/svg">

			<rect id="bg" />
			<g id="icons" style="stroke-width: 2px; stroke:#FFFFFF; stroke-opacity:0.9; fill: none;stroke-linejoin:round">
				<path d="m202.17 2h12c.554 0 1 .446 1 1v12c0 .554-.446 1-1 1h-12c-.554 0-1-.446-1-1v-12c0-.554.446-1 1-1z"/>
				<path d="m15.168 9c0 10.196 1.286 9.454-7.544 4.356-8.83-5.098-8.83-3.613 0-8.711 8.83-5.098 7.544-5.841 7.544 4.356z"/>
				<path d="m116.17 9c0 4.418-3.582 8-8 8-4.418 0-8-3.582-8-8 0-4.418 3.582-8 8-8 4.418 0 8 3.582 8 8z"/>
			</g>
		</p:Content>
	</Shape>

	<Shape id="BottomSheet" displayName="Bottom Sheet" icon="Icons/BottomSheet.png">
		<Properties>
			<PropertyGroup>
				<Property name="box" type="Dimension">360,224</Property>

				<Property name="height" displayName="Height"
					type="Handle"
					p:lockX="true"
					p:minX="0"
					p:maxX="$box.h">0,50</Property>
			</PropertyGroup>
			<PropertyGroup name="Background">
				<Property name="fillColor" displayName="Sheet Color" type="Color"><E>$$neutralFillColor</E></Property>
				<Property name="bgColor" displayName="Background Color" type="Color">#00000099</Property>
			</PropertyGroup>
		</Properties>

		<Actions>
			<Action id="getSnappingGuide">
				<Impl>
				return [
					new SnappingData("Division", this.getBounding().y + this.getProperty("height").y, "HCenter", false, this.id)
				];
				</Impl>
			</Action>
		</Actions>
		<Behaviors>
			<For ref="bg">
				<Box>new Dimension($box.w, $height.y)</Box>
				<Fill>$bgColor</Fill>
			</For>
			<For ref="sheet">
				<Box>new Dimension($box.w, $box.h - $height.y)</Box>
				<Fill>$fillColor</Fill>
				<Transform>[translate(0, $height.y)]</Transform>
			</For>
			<For ref="shadow">
				<Transform>[translate(0, $height.y -6), scale($box.w, 1)]</Transform>
			</For>
		</Behaviors>
		<p:Content	 xmlns:p="http://www.evolus.vn/Namespace/Pencil"
										xmlns="http://www.w3.org/2000/svg">

			<defs>
				<linearGradient
					id="shadowFill"
					x1="0%"
					y1="0%"
					x2="0%"
					y2="100%" >

					<stop
						id="stop1"
						offset="0"
						style="stop-color:#000000;stop-opacity:0" />
					<stop
						id="stop2"
						offset="1"
						style="stop-color:#000000;stop-opacity:0.129" />
				</linearGradient>
			</defs>
			<rect id="bg" />
			<rect id="sheet" />
	 		<rect id="shadow"
			width="1" height="6"
			style="fill: url(#shadowFill)" />
		</p:Content>
	</Shape>

	<Shape id="Rectangle" displayName="Rectangle / Overlay Background" icon="Icons/Rectangle.png">
		<Properties>
			<PropertyGroup>
				<Property name="box" type="Dimension">360,640</Property>
			</PropertyGroup>
			<PropertyGroup name="Background">
				<Property name="fillColor" displayName="Fill Color" type="Color">#00000099</Property>
			</PropertyGroup>
		</Properties>

		<Behaviors>
			<For ref="bg">
				<Box>new Dimension($box.w, $box.h)</Box>
				<Fill>$fillColor</Fill>
			</For>
		</Behaviors>
		<p:Content xmlns:p="http://www.evolus.vn/Namespace/Pencil" xmlns="http://www.w3.org/2000/svg">
            <rect id="bg" />
		</p:Content>
	</Shape>

	<Shape id="Button" displayName="Button" icon="Icons/Button.png">
		<Properties>
			<PropertyGroup>
				<Property name="box" type="Dimension">96,36</Property>
				<Property name="shadow" displayName="Shadow" type="Bool">true</Property>
			</PropertyGroup>
			<PropertyGroup name="Background">
				<Property name="fillColor" displayName="Color" type="Color">#FFFFFF</Property>
			</PropertyGroup>

			<PropertyGroup name="Text">
				<Property name="label" displayName="Text Content" type="PlainText" p:editInfo="({targetName: 'content', bound: Bound.fromBox($box, 0, 5), font: $textFont, align: $textAlign, multi: false})"><![CDATA[BUTTON]]></Property>

				<Property name="weight" displayName="Font weight" type="Enum"
					p:enumValues="['100|Thin', '300|Light', '400|Normal', '500|Medium', '700|Bold', '900|Ultra-Bold']">500</Property>

				<Property name="textColor" displayName="Color"
					type="Color"><E>$$defaultTextColor</E></Property>
				<Property name="textFont"
					displayName="Font"
					type="Font"><E>$$defaultTextFont</E></Property>

				<Property name="textAlign" displayName="Text Alignment" type="Alignment">1,1</Property>
			</PropertyGroup>
		</Properties>
		<Behaviors>
			<For ref="bg">
				<Box>$box</Box>
				<Fill>$fillColor</Fill>
			</For>

			<For ref="shadow">
				<ApplyFilter>$shadow</ApplyFilter>
				<Visibility>$shadow</Visibility>
			</For>

			<For ref="content">
				<Bound>new Bound(0, 0, $box.w, $box.h)</Bound>
			</For>

			<For ref="text">
				<DomContent>
					<![CDATA[

					var specs = [];

					var text = $label.value;

					var css = new CSS();

					css.set("display", "table-cell");
					css.set("height", $box.h + "px");
					css.set("width", $box.w + "px");

					collection.setCssTextAlignment(css, $textAlign.h, $textAlign.v);
					collection.setCssFontWeight(css, $weight);

					specs.push({
						_name: "div",
						_uri: "http://www.w3.org/1999/xhtml",
						_text: text,
						style: css
					});

					Dom.newDOMFragment(specs);
					]]>
				</DomContent>

				<Font>$textFont</Font>
                <Color>$textColor</Color>
			</For>
		</Behaviors>

		<p:Content xmlns:p="http://www.evolus.vn/Namespace/Pencil" xmlns="http://www.w3.org/2000/svg">

			<defs>
				<filter id="dropShadow">
					<feFlood
						flood-opacity="0.35"
						flood-color="rgb(0,0,0)"
						result="flood"
						id="flood" />
					<feComposite
						in="flood"
						in2="SourceGraphic"
						operator="in" />
					<feGaussianBlur
						stdDeviation="2" />
					<feOffset
						dx="0"
						dy="1" />
				</filter>

				<rect id="bg" rx="2px" ry="2px" />
			</defs>

			<use xlink:href="#bg" id="shadow" p:heavy="true" p:filter="url(#dropShadow)" />
			<use xlink:href="#bg" />

			<foreignObject id="content">
				<div xmlns="http://www.w3.org/1999/xhtml" >
					<div id="text">
				    	<!-- content -->
					</div>
				</div>
			</foreignObject>
		</p:Content>
	</Shape>

	<Shortcut displayName="Button (Colored)" icon="Icons/ButtonColored.png" to="Button">
		<PropertyValue name="fillColor"><E>$$fillColor</E></PropertyValue>
		<PropertyValue name="textColor">#FFFFFF</PropertyValue>
	</Shortcut>

	<Shortcut displayName="Button (Flat)" icon="Icons/ButtonFlat.png" to="Button">
		<PropertyValue name="fillColor">#FFFFFF00</PropertyValue>
		<PropertyValue name="textColor"><E>$$defaultTextColor</E></PropertyValue>
		<PropertyValue name="shadow">false</PropertyValue>
	</Shortcut>

	<Shape id="FloatingActionButton" displayName="Floating Action Button" icon="Icons/FloatingActionButton.png">
		<Properties>
			<PropertyGroup>
				<Property name="box" type="Dimension" p:lockRatio="true">56,56</Property>
				<Property name="shadow" displayName="Shadow" type="Bool">true</Property>
			</PropertyGroup>
			<PropertyGroup name="Background">
				<Property name="fillColor" displayName="Color" type="Color"><E>$$fillColor</E></Property>
			</PropertyGroup>
		</Properties>

		<Behaviors>
			<For ref="bg">
				<EllipseFit>$box</EllipseFit>
				<Fill>$fillColor</Fill>
			</For>
			<For ref="shadow">
				<ApplyFilter>$shadow</ApplyFilter>
				<Visibility>$shadow</Visibility>
			</For>
		</Behaviors>
		<p:Content xmlns:p="http://www.evolus.vn/Namespace/Pencil" xmlns="http://www.w3.org/2000/svg">

			<defs>
                <filter id="dropShadow" height="1.2558399" y="-0.12792" width="1.06396" x="-0.03198">
					<feFlood
						flood-opacity="0.35"
						flood-color="rgb(0,0,0)"
						result="flood"
						id="flood" />
					<feComposite
						in="flood"
						in2="SourceGraphic"
						operator="in" />
					<feGaussianBlur
						stdDeviation="2" />
					<feOffset
						dx="0"
						dy="1" />
                </filter>

				<ellipse id="bg" rx="23" ry="23" />
			</defs>

			<use xlink:href="#bg" id="shadow" p:heavy="true" p:filter="url(#dropShadow)" />
			<use xlink:href="#bg" />
		</p:Content>
	</Shape>

	<Shortcut displayName="Floating Action Button (Small)" icon="Icons/FloatingActionButtonSmall.png" to="FloatingActionButton">
		<PropertyValue name="box">40,40</PropertyValue>
	</Shortcut>

	<Shape id="Card" displayName="Card" icon="Icons/Card.png">
		<Properties>
			<PropertyGroup>
				<Property name="box" type="Dimension">344,224</Property>
				<Property name="shadow" displayName="Shadow" type="Bool">true</Property>
			</PropertyGroup>
			<PropertyGroup name="Background">
				<Property name="fillColor" displayName="Sheet Color" type="Color"><E>$$neutralFillColor</E></Property>
			</PropertyGroup>
		</Properties>

		<Actions>
			<Action id="getSnappingGuide">
				<Impl>
					var b = this.getBounding();
					return [
						new SnappingData("Top", b.y, "HCenter", false, this.id),
						new SnappingData("Bottom", b.y + b.height, "HCenter", false, this.id)
					];
				</Impl>
			</Action>
		</Actions>

		<Behaviors>
			<For ref="card">
				<Box>$box</Box>
				<Fill>$fillColor</Fill>
			</For>
			<For ref="shadow">
				<ApplyFilter>$shadow</ApplyFilter>
				<Visibility>$shadow</Visibility>
			</For>
		</Behaviors>
		<p:Content	 xmlns:p="http://www.evolus.vn/Namespace/Pencil"
										xmlns="http://www.w3.org/2000/svg">

			<defs>
				<filter id="dropShadow">
					<feFlood
						flood-opacity="0.35"
						flood-color="rgb(0,0,0)"
						result="flood"
						id="flood" />
					<feComposite
						in="flood"
						in2="SourceGraphic"
						operator="in" />
					<feGaussianBlur
						stdDeviation="2" />
					<feOffset
						dx="0"
						dy="1" />
				</filter>

				<rect id="card" rx="2px" ry="2px" />
			</defs>

			<use xlink:href="#card" id="shadow" p:heavy="true" p:filter="url(#dropShadow)" />
			<use xlink:href="#card" />

		</p:Content>
	</Shape>

	<Shape id="Dialog" displayName="Dialog" icon="Icons/Dialog.png">
		<Properties>
			<PropertyGroup>
				<Property name="box" type="Dimension">280,224</Property>
				<Property name="shadow" displayName="Shadow" type="Bool">true</Property>
			</PropertyGroup>
			<PropertyGroup name="Background">
				<Property name="fillColor" displayName="Sheet Color" type="Color"><E>$$neutralFillColor</E></Property>
			</PropertyGroup>
		</Properties>

		<Actions>
			<Action id="getSnappingGuide">
				<Impl>
					var b = this.getBounding();
					return [
						new SnappingData("Top", b.y, "HCenter", false, this.id),
						new SnappingData("Bottom", b.y + b.height, "HCenter", false, this.id)
					];
				</Impl>
			</Action>
		</Actions>

		<Behaviors>
			<For ref="card">
				<Box>$box</Box>
				<Fill>$fillColor</Fill>
			</For>
			<For ref="shadow">
				<ApplyFilter>$shadow</ApplyFilter>
				<Visibility>$shadow</Visibility>
			</For>
		</Behaviors>
		<p:Content	 xmlns:p="http://www.evolus.vn/Namespace/Pencil"
										xmlns="http://www.w3.org/2000/svg">

			<defs>
				<filter id="dropShadow" height="1.28" y="-0.14">
					<feFlood
						flood-opacity="0.45"
						flood-color="rgb(0,0,0)"
						result="flood"
						id="flood" />
					<feComposite
						in="flood"
						in2="SourceGraphic"
						operator="in" />
					<feGaussianBlur
						stdDeviation="10" />
					<feOffset
						dx="0"
						dy="1" />
				</filter>

				<rect id="card" rx="2px" ry="2px" />
			</defs>

			<use xlink:href="#card" id="shadow" p:heavy="true" p:filter="url(#dropShadow)" />
			<use xlink:href="#card" />
		</p:Content>
	</Shape>

	<Shape id="Divider" displayName="Divider" icon="Icons/Divider.png">
		<Properties>
			<PropertyGroup>
				<Property name="box" type="Dimension" p:lockHeight="true">360,10</Property>
			</PropertyGroup>
			<PropertyGroup name="Line">
				<Property name="strokeColor" displayName="Line Color" type="Color">
				<E>$$strokeColor</E>
				</Property>
				<Property name="strokeStyle" displayName="Line Style" type="StrokeStyle">
					<E>$$strokeStyle</E>
				</Property>
			</PropertyGroup>
		</Properties>

		<Behaviors>
			<For ref="bgRect">
				<Box>$box</Box>
			</For>
			<For ref="line">
				<Transform>[translate(($strokeStyle.w % 2) / 2, ($strokeStyle.w % 2) / 2)]</Transform>
				<D>[M(0, $box.h / 2), L($box.w, $box.h / 2)]</D>
				<StrokeColor>$strokeColor</StrokeColor>
				<StrokeStyle>$strokeStyle</StrokeStyle>
			</For>
		</Behaviors>
		<p:Content xmlns:p="http://www.evolus.vn/Namespace/Pencil" xmlns="http://www.w3.org/2000/svg">
			<rect id="bgRect" style="fill: #000000; fill-opacity: 0; stroke: none;" x="0" y="0" />
			<path style="fill:none;" d="M 0,0 L 4,4 L 0,8 z" id="line" />
		</p:Content>
	</Shape>

	<Shape id="menu" displayName="Menu List" icon="Icons/Menu.png">
		<Properties>
			<PropertyGroup>
				<Property name="box" type="Dimension">168,224</Property>
				<Property name="scrollbar" displayName="Scrollbar" type="Bool">false</Property>
				<Property name="shadow" displayName="Shadow" type="Bool">true</Property>
				<Property name="forceFont" displayName="Force Roboto font" type="Bool">false</Property>
			</PropertyGroup>

			<PropertyGroup name="Background">
				<Property name="fillColor" displayName="Sheet Color" type="Color"><E>$$neutralFillColor</E></Property>
			</PropertyGroup>

			<PropertyGroup name="Text">
				<Property name="contentText" displayName="Text Content" type="PlainText" p:editInfo="({targetName: 'content', bound: Bound.fromBox($box, 0, 5), font: $textFont, align: new Alignment(0, 0), multi: true})"><![CDATA[MenuItem*
MenuItem
MenuItem]]></Property>
				<Property name="weight" displayName="Font weight" type="Enum"
					p:enumValues="['100|Thin', '300|Light', '400|Normal', '500|Medium', '700|Bold', '900|Ultra-Bold']">300</Property>
				<Property name="textFont" displayName="Default Font" type="Font">Roboto, sans-serif|300|normal|16px</Property>
				<Property name="textColor" displayName="Text Color" type="Color"><E>$$defaultTextColor</E></Property>
				<Property name="textAlign" displayName="Text Alignment" type="Alignment">1,1</Property>
			</PropertyGroup>
		</Properties>

		<Behaviors>
			<For ref="bg">
				<Bound>Bound.fromBox($box)</Bound>
				<Fill>$fillColor</Fill>
			</For>

			<For ref="shadow">
				<ApplyFilter>$shadow</ApplyFilter>
				<Visibility>$shadow</Visibility>
			</For>

			<For ref="scrollbar">
				<Visibility>$scrollbar</Visibility>
				<Transform>[translate($box.w - 4, 0), scale(1, $box.h * 0.75)]</Transform>
			</For>

			<For ref="content">
				<Bound>new Bound(0, 0, $box.w, $box.h)</Bound>
			</For>

			<For ref="list">
				<DomContent>
					<![CDATA[

					var items = $contentText.value.split(/[\r\n]+/);

					var specs = [];

					for (var i = 0; i < items.length; i++) {
						var text = items[i];

						var css = CSS.fromString("padding: 14px 16px;");

						if (text.match(/(.*)\*$/)) {
							text = RegExp.$1;
							css.set("background", "rgba(0, 0, 0, 0.05)");
						}

						collection.setCssFontWeight(css, $weight);

						specs.push({
							_name: "li",
							_uri: "http://www.w3.org/1999/xhtml",
							_text: text,
							style: css
						});
					}

					Dom.newDOMFragment(specs);
					]]>
				</DomContent>

				<Font>$textFont</Font>
                <Color>$textColor</Color>
			</For>
		</Behaviors>

		<p:Content xmlns:p="http://www.evolus.vn/Namespace/Pencil" xmlns="http://www.w3.org/2000/svg">

			<defs>
				<filter id="dropShadow">
					<feFlood
						flood-opacity="0.35"
						flood-color="rgb(0,0,0)"
						result="flood"
						id="flood" />
					<feComposite
						in="flood"
						in2="SourceGraphic"
						operator="in" />
					<feGaussianBlur
						stdDeviation="2" />
					<feOffset
						dx="0"
						dy="1" />
				</filter>

				<rect id="bg" rx="2px" ry="2px" />
			</defs>

			<use xlink:href="#bg" id="shadow" p:heavy="true" p:filter="url(#dropShadow)" />
			<use xlink:href="#bg" />

			<rect id="scrollbar" width="4px" height="1px" style="fill:#000000;fill-opacity:0.12" />

			<foreignObject id="content">
				<div xmlns="http://www.w3.org/1999/xhtml" >
					<ul id="list" style="list-style: none;
							text-indent: 0;
							padding: 8px 0;
							font-family: Roboto, 'Roboto Medium', sans-serif;
							font-size: 16px;
							font-weight: 300;">
				    	<!-- content -->
					</ul>
				</div>
			</foreignObject>
		</p:Content>
	</Shape>

	<Shape id="LoadingSpinner" displayName="Loading Spinner" icon="Icons/LoadingSpinner.png">
		<Properties>
			<PropertyGroup>
				<Property name="box" type="Dimension" p:lockRatio="true">42,42</Property>
			</PropertyGroup>
			<PropertyGroup name="Line">
				<Property name="fillColor" displayName="Color" type="Color"><E>$$fillColor</E></Property>
			</PropertyGroup>
		</Properties>

		<Behaviors>
			<For ref="outer">
				<StrokeColor>$fillColor</StrokeColor>
				<Transform>scale($box.w / 42, $box.h / 42)</Transform>
			</For>
		</Behaviors>
		<p:Content xmlns:p="http://www.evolus.vn/Namespace/Pencil" xmlns="http://www.w3.org/2000/svg">
			<path
				d="M 40,21 C 40,31.493408 31.49341,40 21,40 10.506589,40 2,31.493408 2,21 2,10.506589 10.506589,2 21,2 c 0,0 0,0 0,0"
				id="outer"
				style="fill:#000000;fill-opacity:0;stroke-width:4;stroke-linecap:butt;stroke-linejoin:miter;stroke-miterlimit:4;stroke-opacity:1;stroke-dasharray:none" />
		</p:Content>
	</Shape>

	<Shape id="ProgressBar" displayName="Progress Bar" icon="Icons/ProgressBar.png">
		<Properties>
			<PropertyGroup>
				<Property name="box" type="Dimension">360,4</Property>
                <Property name="prog" displayName="Progress" type="Handle" p:lockY="true" p:minX="0" p:maxX="$box.w">200,0</Property>
                <Property name="buffer" displayName="Buffer Progress" type="Handle" p:lockY="true" p:minX="0" p:maxX="$box.w">280,0</Property>
			</PropertyGroup>
			<PropertyGroup name="Background">
				<Property name="bgFillColor" displayName="Background Color" type="Color"><E>$$fillColor.hollowed(0.7)</E></Property>
			</PropertyGroup>

			<PropertyGroup name="Foreground">
				<Property name="fgFillColor" displayName="Foreground Color" type="Color"><E>$$fillColor</E></Property>
			</PropertyGroup>
		</Properties>

		<Behaviors>
			<For ref="bgRect">
				<Box>new Dimension($buffer.x, $box.h)</Box>
				<Fill>$bgFillColor</Fill>
			</For>
			<For ref="fgRect">
				<Box>new Dimension($prog.x, $box.h)</Box>
				<Fill>$fgFillColor</Fill>
			</For>
		</Behaviors>
		<p:Content xmlns:p="http://www.evolus.vn/Namespace/Pencil" xmlns="http://www.w3.org/2000/svg">
			<rect id="bgRect" />
			<rect id="fgRect" />
		</p:Content>
	</Shape>

	<Shape id="Slider" displayName="Slider" icon="Icons/Slider.png">
		<Properties>
			<PropertyGroup>
				<Property name="box" type="Dimension">360,10</Property>
                <Property name="prog" displayName="Value" type="Handle" p:lockY="true" p:minX="0" p:maxX="$box.w">200,0</Property>
                <Property name="disabled" displayName="Disabled" type="Bool">false</Property>
			</PropertyGroup>
			<PropertyGroup name="Background">
				<Property name="bgFillColor" displayName="Background Color" type="Color">#00000040</Property>
			</PropertyGroup>

			<PropertyGroup name="Foreground">
				<Property name="fgFillColor" displayName="Foreground Color" type="Color"><E>$$fillColor</E></Property>
			</PropertyGroup>
		</Properties>

		<Behaviors>
			<For ref="bgRect">
				<Bound>new Bound($disabled.value ? $prog.x + ($box.h/2) + 1 : $prog.x, $box.h/2 - 1, $box.w - ($disabled.value ? $prog.x + ($box.h/2) + 1 : $prog.x), 2)</Bound>
				<Fill>$bgFillColor</Fill>
			</For>
			<For ref="fgRect">
				<Bound>new Bound(0, $box.h/2 - 1, $disabled.value ? $prog.x - ($box.h/2) - 1 : $prog.x, 2)</Bound>
				<Fill>$disabled.value ? $bgFillColor : $fgFillColor</Fill>
			</For>
			<For ref="thumb">
				<EllipseFit>new Dimension($disabled.value ? $box.h/1.5 : $box.h, $disabled.value ? $box.h/1.5 : $box.h)</EllipseFit>
				<Fill>$disabled.value ? $bgFillColor : $fgFillColor</Fill>
				<Attr>
					<Arg>"cy"</Arg>
					<Arg>$box.h/2</Arg>
				</Attr>
				<Attr>
					<Arg>"cx"</Arg>
					<Arg>$prog.x</Arg>
				</Attr>
			</For>
		</Behaviors>
		<p:Content xmlns:p="http://www.evolus.vn/Namespace/Pencil" xmlns="http://www.w3.org/2000/svg">
			<rect id="bgRect" y="4px" />
			<rect id="fgRect" y="4px" />
			<ellipse id="thumb" />
		</p:Content>
	</Shape>

	<Shape id="Switch" displayName="Switch" icon="Icons/Switch.png">
		<Properties>
			<PropertyGroup>
				<Property name="box" type="Dimension">36,14</Property>
                <Property name="on" displayName="On" type="Bool">true</Property>
                <Property name="disabled" displayName="Disabled" type="Bool">false</Property>
                <Property name="shadow" displayName="Shadow" type="Bool">true</Property>
			</PropertyGroup>
			<PropertyGroup name="Background">
				<Property name="fillColor" displayName="Color" type="Color"><E>$$fillColor</E></Property>
			</PropertyGroup>
		</Properties>

		<Behaviors>
			<For ref="bgRect">
				<Box>$box</Box>
				<Radius>$box.h/2</Radius>
				<Fill>$disabled.value ? Color.fromString("#000000").hollowed(0.88) : $on.value ? $fillColor.hollowed(0.5) : Color.fromString("#000000").hollowed(0.74)</Fill>
			</For>
			<For ref="thumb">
				<Fill>$disabled.value ? Color.fromString("#BDBDBD") : $on.value ? $fillColor : Color.fromString("#fafafa")</Fill>
				<ApplyFilter>true</ApplyFilter>
				<EllipseFit>new Dimension($box.h * 1.42, $box.h * 1.42)</EllipseFit>
				<Attr>
					<Arg>"cy"</Arg>
					<Arg>$box.h/2</Arg>
				</Attr>
				<Attr>
					<Arg>"cx"</Arg>
					<Arg>$on.value ? $box.w - $box.h * 1.42/2: $box.h * 1.42/2</Arg>
				</Attr>
			</For>
			<For ref="shadow">
				<ApplyFilter>$shadow</ApplyFilter>
				<Visibility>$shadow</Visibility>
			</For>
		</Behaviors>
		<p:Content xmlns:p="http://www.evolus.vn/Namespace/Pencil" xmlns="http://www.w3.org/2000/svg">

			<defs>
				<filter id="dropShadow" height="1.5" y="-0.25" width="1.37" x="-0.2">
					<feFlood
						flood-opacity="0.4"
						flood-color="rgb(0,0,0)"
						result="flood"
						id="flood" />
					<feComposite
						in="flood"
						in2="SourceGraphic"
						operator="in" />
					<feGaussianBlur
						stdDeviation="1" />
					<feOffset
						dx="0"
						dy="1.5" />
				</filter>

				<ellipse id="thumb" rx="10px" ry="10px" cy="7px" />
			</defs>

			<rect id="bgRect" rx="7px" ry="7px" />
			<use xlink:href="#thumb" id="shadow" p:heavy="true" p:filter="url(#dropShadow)" />
			<use xlink:href="#thumb" />
		</p:Content>
	</Shape>

	<Shape id="Checkbox" displayName="Checkbox" icon="Icons/Checkbox.png">
		<Properties>
			<PropertyGroup>
				<Property name="box" type="Dimension" p:lockRatio="true">18,18</Property>
                <Property name="on" displayName="On" type="Bool">true</Property>
                <Property name="disabled" displayName="Disabled" type="Bool">false</Property>
			</PropertyGroup>
			<PropertyGroup name="Background">
				<Property name="fillColor" displayName="Color" type="Color"><E>$$fillColor</E></Property>
			</PropertyGroup>
		</Properties>

		<Behaviors>
			<For ref="on">
				<Visibility>$on</Visibility>
				<Fill>$disabled.value ? Color.fromString("#000000").hollowed(0.74) : $fillColor</Fill>
				<Transform>[scale($box.w/18, $box.h/18)]</Transform>
			</For>
			<For ref="off">
				<Transform>[scale($box.w/18, $box.h/18)]</Transform>
				<Visibility>$on.negative()</Visibility>
				<StrokeColor>$disabled.value ? Color.fromString("#000000").hollowed(0.74) : Color.fromString("#000000").hollowed(0.54)</StrokeColor>
			</For>
		</Behaviors>
		<p:Content xmlns:p="http://www.evolus.vn/Namespace/Pencil" xmlns="http://www.w3.org/2000/svg">
			<path
				id="on"
				d="M 2,0 C 0.892,0 0,0.892 0,2 l 0,14 c 0,1.108 0.892,2 2,2 l 14,0 c 1.108,0 2,-0.892 2,-2 L 18,2 C 18,0.892 17.108,0 16,0 L 2,0 z m 12.5,3.90625 1.1875,1.1875 -8.125,8.125 L 6.96875,13.8125 6.375,13.21875 2.28125,9.125 3.46875,7.90625 6.96875,11.4375 14.5,3.90625 z" />
			<rect
				id="off"
				rx="1.4px" ry="1.4px" width="16px" height="16px" x="1px" y="1px"
				style="fill:#000000;fill-opacity:0;stroke-width:2;stroke-linecap:butt;stroke-linejoin:round;stroke-miterlimit:4;stroke-dasharray:none;stroke-dashoffset:0" />
		</p:Content>
	</Shape>

	<Shape id="RadioButton" displayName="Radio Button" icon="Icons/RadioButton.png">
		<Properties>
			<PropertyGroup>
				<Property name="box" type="Dimension" p:lockRatio="true">20,20</Property>
				<Property name="on" displayName="On" type="Bool">true</Property>
				<Property name="disabled" displayName="Disabled" type="Bool">false</Property>
			</PropertyGroup>
			<PropertyGroup name="Background">
				<Property name="fillColor" displayName="Color" type="Color"><E>$$fillColor</E></Property>
			</PropertyGroup>
		</Properties>

		<Behaviors>
			<For ref="inner">
				<Visibility>$on</Visibility>
				<Fill>$disabled.value ? Color.fromString("#000000").hollowed(0.74) : $fillColor</Fill>
				<EllipseFit>$box.narrowed($box.w/2)</EllipseFit>
				<Attr>
					<Arg>"cy"</Arg>
					<Arg>$box.h/2</Arg>
				</Attr>
				<Attr>
					<Arg>"cx"</Arg>
					<Arg>$box.w/2</Arg>
				</Attr>
			</For>
			<For ref="outer">
				<StrokeColor>$disabled.value ? Color.fromString("#000000").hollowed(0.74) : $on.value ? $fillColor : Color.fromString("#000000").hollowed(0.54)</StrokeColor>
				<StrokeStyle>StrokeStyle.fromString((Math.max(Math.floor($box.w/10), 1)) + "|")</StrokeStyle>
				<EllipseFit>$box.narrowed(Math.max(Math.floor($box.w/10), 1))</EllipseFit>
				<Attr>
					<Arg>"cy"</Arg>
					<Arg>$box.h/2</Arg>
				</Attr>
				<Attr>
					<Arg>"cx"</Arg>
					<Arg>$box.w/2</Arg>
				</Attr>
			</For>
		</Behaviors>
		<p:Content xmlns:p="http://www.evolus.vn/Namespace/Pencil" xmlns="http://www.w3.org/2000/svg">
			<ellipse id="inner"
				rx="5px" ry="5px" cx="10px" cy="10px" />
			<ellipse id="outer"
				rx="9px" ry="9px" cx="10px" cy="10px"
				style="fill:#000000;fill-opacity:0;stroke-linecap:butt;stroke-linejoin:round;stroke-miterlimit:4;stroke-dasharray:none;stroke-dashoffset:0" />
		</p:Content>
	</Shape>

	<Shape id="Tooltip" displayName="Tooltip" icon="Icons/Tooltip.png">
		<Properties>
			<PropertyGroup>
				<Property name="box" type="Dimension">113,32</Property>
			</PropertyGroup>

			<PropertyGroup name="Background">
				<Property name="fillColor" displayName="Background Color" type="Color">#757575E6</Property>
			</PropertyGroup>

			<PropertyGroup name="Text">
				<Property name="contentText" displayName="Text Content" type="PlainText" p:editInfo="({targetName: 'content', bound: Bound.fromBox($box, 0, 5), font: $textFont, align: new Alignment(0, 0), multi: false})"><![CDATA[Tooltip text]]></Property>
				<Property name="weight" displayName="Font weight" type="Enum"
					p:enumValues="['100|Thin', '300|Light', '400|Normal', '500|Medium', '700|Bold', '900|Ultra-Bold']">500</Property>
				<Property name="textFont" displayName="Default Font" type="Font"><E>$$defaultTextFont</E></Property>
				<Property name="textColor" displayName="Text Color" type="Color">#FFFFFFFF</Property>
				<Property name="textAlign" displayName="Text Alignment" type="Alignment">1,1</Property>
			</PropertyGroup>
		</Properties>

		<Behaviors>
			<For ref="bg">
				<Bound>Bound.fromBox($box)</Bound>
				<Fill>$fillColor</Fill>
			</For>

			<For ref="content">
				<Bound>new Bound(0, 0, $box.w, $box.h)</Bound>
			</For>

			<For ref="list">
				<DomContent>
					<![CDATA[

					var specs = [];

					var text = $contentText.value;

					var css = new CSS()

					css.set("padding", "8px 16px");
					css.set("display", "table-cell");
					css.set("height",($box.h - 8*2) + "px");
					css.set("width",($box.w - 16*2) + "px");

					collection.setCssTextAlignment(css, $textAlign.h, $textAlign.v);
					collection.setCssFontWeight(css, $weight);

					specs.push({
						_name: "div",
						_uri: "http://www.w3.org/1999/xhtml",
						_text: text,
						style: css
					});

					Dom.newDOMFragment(specs);
					]]>
				</DomContent>

				<Font>$textFont</Font>
                <Color>$textColor</Color>
			</For>
		</Behaviors>

		<p:Content xmlns:p="http://www.evolus.vn/Namespace/Pencil" xmlns="http://www.w3.org/2000/svg">


			<rect id="bg" rx="2px" ry="2px" />

			<foreignObject id="content">
				<div xmlns="http://www.w3.org/1999/xhtml" >
					<div id="list">
				    	<!-- content -->
					</div>
				</div>
			</foreignObject>
		</p:Content>
	</Shape>

	<Shape id="SnackbarFloating" displayName="Snackbar (floating)" icon="Icons/SnackbarFloating.png">
		<Properties>
			<PropertyGroup>
				<Property name="box" type="Dimension">220,48</Property>
				<Property name="rounded" displayName="Rounded corners" type="Bool">true</Property>
				<Property name="toast" displayName="Toast style" type="Bool">false</Property>
			</PropertyGroup>


			<PropertyGroup name="Background">
				<Property name="fillColor" displayName="Background Color" type="Color">#323232FF</Property>
			</PropertyGroup>

			<PropertyGroup name="Text">
				<Property name="contentText" displayName="Text Content" type="PlainText" p:editInfo="({targetName: 'content', bound: Bound.fromBox($box, 0, 5), font: $textFont, align: new Alignment(0, 0), multi: false})"><![CDATA[Snackbar text]]></Property>
				<Property name="weight" displayName="Font weight" type="Enum"
					p:enumValues="['100|Thin', '300|Light', '400|Normal', '500|Medium', '700|Bold', '900|Ultra-Bold']">400</Property>
				<Property name="textFont" displayName="Default Font" type="Font"><E>$$defaultTextFont</E></Property>
				<Property name="textColor" displayName="Text Color" type="Color">#FFFFFFFF</Property>
				<Property name="textAlign" displayName="Text Alignment" type="Alignment">0,1</Property>
			</PropertyGroup>
		</Properties>

		<Behaviors>
			<For ref="bg">
				<Bound>Bound.fromBox($box)</Bound>
				<Fill>$fillColor</Fill>
				<Radius>
					<Arg>$rounded.value ? ($toast.value ? 22 : 2) : 0</Arg>
					<Arg>$rounded.value ? ($toast.value ? 22 : 2) : 0</Arg>
				</Radius>
			</For>

			<For ref="content">
				<Bound>new Bound(0, 0, $box.w, $box.h)</Bound>
			</For>

			<For ref="list">
				<DomContent>
					<![CDATA[

					var specs = [];

					var text = $contentText.value;

					var css = new CSS()

					css.set("padding", "12px 24px");
					css.set("display", "table-cell");
					css.set("height",($box.h - 12*2) + "px");
					css.set("width",($box.w - 24*2) + "px");

					collection.setCssTextAlignment(css, $textAlign.h, $textAlign.v);
					collection.setCssFontWeight(css, $weight);

					specs.push({
						_name: "div",
						_uri: "http://www.w3.org/1999/xhtml",
						_text: text,
						style: css
					});

					Dom.newDOMFragment(specs);
					]]>
				</DomContent>

				<Font>$textFont</Font>
                <Color>$textColor</Color>
			</For>
		</Behaviors>

		<p:Content xmlns:p="http://www.evolus.vn/Namespace/Pencil" xmlns="http://www.w3.org/2000/svg">
			<rect id="bg" />

			<foreignObject id="content">
				<div xmlns="http://www.w3.org/1999/xhtml" >
					<div id="list">
				    	<!-- content -->
					</div>
				</div>
			</foreignObject>
		</p:Content>
	</Shape>

	<Shortcut displayName="Snackbar (full-width)" icon="Icons/SnackbarFull.png" to="SnackbarFloating">
		<PropertyValue name="box">360,48</PropertyValue>
		<PropertyValue name="rounded">false</PropertyValue>
	</Shortcut>

	<Shortcut displayName="Toast" icon="Icons/Toast.png" to="SnackbarFloating">
		<PropertyValue name="contentText"><![CDATA[Toast text]]></PropertyValue>
		<PropertyValue name="rounded">true</PropertyValue>
		<PropertyValue name="toast">true</PropertyValue>
	</Shortcut>

	<Shape id="Text" displayName="Text" icon="Icons/Text.png">
		<Properties>
			<PropertyGroup>
				<Property name="box" type="Dimension">96,36</Property>
			</PropertyGroup>
			<PropertyGroup name="Background">
				<Property name="fillColor" displayName="Color" type="Color">#FFFFFF00</Property>
			</PropertyGroup>

			<PropertyGroup name="Text">
				<Property name="label" displayName="Text Content" type="PlainText" p:editInfo="({targetName: 'content', bound: Bound.fromBox($box, 0, 5), font: $textFont, align: $textAlign, multi: true})"><![CDATA[Text]]></Property>
				<Property name="weight" displayName="Font weight" type="Enum"
					p:enumValues="['100|Thin', '300|Light', '400|Normal', '500|Medium', '700|Bold', '900|Ultra-Bold']">400</Property>
				<Property name="textColor" displayName="Color" type="Color"><E>$$defaultTextColor</E></Property>
				<Property name="textFont" displayName="Font" type="Font"><E>$$defaultTextFont</E></Property>

				<Property name="textAlign" displayName="Text Alignment" type="Alignment">0,0</Property>
			</PropertyGroup>
		</Properties>
		<Behaviors>
			<For ref="bg">
				<Box>$box</Box>
				<Fill>$fillColor</Fill>
			</For>

			<For ref="content">
				<Bound>new Bound(0, 0, $box.w, $box.h)</Bound>
			</For>

			<For ref="text">
				<DomContent>
					<![CDATA[

					var specs = [];

					var text = $label.value;

					var css = new CSS();

					css.set("display", "table-cell");
					css.set("height", $box.h + "px");
					css.set("width", $box.w + "px");

					collection.setCssTextAlignment(css, $textAlign.h, $textAlign.v);
					collection.setCssFontWeight(css, $weight);

					specs.push({
						_name: "div",
						_uri: "http://www.w3.org/1999/xhtml",
						_text: text,
						style: css
					});

					Dom.newDOMFragment(specs);
					]]>
				</DomContent>
				<Color>$textColor</Color>
				<Font>$textFont</Font>
			</For>
		</Behaviors>

		<p:Content xmlns:p="http://www.evolus.vn/Namespace/Pencil" xmlns="http://www.w3.org/2000/svg">
			<rect id="bg" />

			<foreignObject id="content">
				<div xmlns="http://www.w3.org/1999/xhtml" >
					<div id="text">
						<!-- content -->
					</div>
				</div>
			</foreignObject>
		</p:Content>
	</Shape>

	<Shape id="TextField" displayName="Text Field" icon="Icons/TextField.png">
		<Properties>
			<PropertyGroup>
				<Property name="box" type="Dimension">113,48</Property>
				<Property name="focused" displayName="Focused" type="Bool">false</Property>
				<Property name="disabled" displayName="Disabled" type="Bool">false</Property>
			</PropertyGroup>

			<PropertyGroup name="Line">
				<Property name="focusColor" displayName="Focused Color" type="Color"><E>$$fillColor</E></Property>
				<Property name="fillColor" displayName="Normal Color" type="Color">#C8C8C8FF</Property>
			</PropertyGroup>

			<PropertyGroup name="Content">
				<Property name="contentText" displayName="Text Content" type="PlainText" p:editInfo="({targetName: 'content', bound: new Bound(0, 22, $box.w, 20), font: $textFont, align: new Alignment(0, 0), multi: false})"><![CDATA[Content text]]></Property>
				<Property name="contentWeight" displayName="Content font weight" type="Enum"
					p:enumValues="['100|Thin', '300|Light', '400|Normal', '500|Medium', '700|Bold', '900|Ultra-Bold']">400</Property>
				<Property name="textFont" displayName="Default Font" type="Font">Roboto,sans-serif|400|normal|16px</Property>
				<Property name="textColor" displayName="Text Color" type="Color"><E>$$defaultTextColor</E></Property>
				<Property name="textAlign" displayName="Text Alignment" type="Alignment">0,2</Property>
			</PropertyGroup>

			<PropertyGroup name="Label">
				<Property name="labelText" displayName="Label Text" type="PlainText" p:editInfo="({targetName: 'fakeLabel', bound: new Bound(0, 0, $box.w, 20), font: $textFont, align: new Alignment(0, 0), multi: false})"><![CDATA[Label text]]></Property>
				<Property name="labelWeight" displayName="Label font weight" type="Enum"
					p:enumValues="['100|Thin', '300|Light', '400|Normal', '500|Medium', '700|Bold', '900|Ultra-Bold']">400</Property>
				<Property name="labelFont" displayName="Default Font" type="Font">Roboto, sans-serif|400|normal|12px</Property>
				<Property name="labelColor" displayName="Text Color" type="Color">#757575FF</Property>
				<Property name="labelAlign" displayName="Text Alignment" type="Alignment">0,0</Property>
			</PropertyGroup>
		</Properties>

		<Behaviors>
			<For ref="content">
				<Bound>new Bound(0, 0, $box.w, $box.h)</Bound>
			</For>

			<For ref="text">
				<DomContent>
					<![CDATA[

					var contentText = $contentText.value;
					var labelText = $labelText.value;

					var disabledColor = $textColor.hollowed(0.74).toRGBAString();

					var specs = [];

					var labelCss = new CSS();
					var contentCss = new CSS();

					labelCss.set("color", $disabled.value ? disabledColor : $labelColor.toRGBAString());
					labelCss.set("font", $labelFont.toCSSFontString());
					collection.setCssTextAlignment(labelCss, $labelAlign.h, $labelAlign.v);
					collection.setCssFontWeight(labelCss, $labelWeight);

					contentCss.set("padding", "8px 0px");
					contentCss.set("display", "table-cell");
					contentCss.set("height", ($box.h - 8*2) - $labelFont.getPixelHeight() + "px");
					contentCss.set("width", $box.w + "px");
					contentCss.set("font", $textFont.toCSSFontString());
					contentCss.set("color", $disabled.value ? disabledColor : $textColor.toRGBAString());
					collection.setCssTextAlignment(contentCss, $textAlign.h, $textAlign.v);
					collection.setCssFontWeight(contentCss, $contentWeight);

					if (contentText.trim().length === 0 && !$focused.value) {
						contentText = labelText;
						labelCss.set("visibility", "hidden");
						contentCss.set("color", disabledColor);
					} else if (labelText.trim().length === 0) {
						labelText = "Label";
						labelCss.set("visibility", "hidden");
					}

					specs.push({
						_name: "div",
						_uri: "http://www.w3.org/1999/xhtml",
						_text: labelText,
						style: labelCss
					});

					specs.push({
						_name: "div",
						_uri: "http://www.w3.org/1999/xhtml",
						_text: contentText,
						style: contentCss
					});

					Dom.newDOMFragment(specs);
					]]>
				</DomContent>
			</For>

			<For ref="fakeLabel">
				<Box>new Dimension($box.w, $labelFont.getPixelHeight())</Box>
			</For>

			<For ref="line">
				<D>[M(0, $box.h), L($box.w, $box.h)]</D>
				<StrokeColor>($focused.value &amp;&amp; !$disabled.value) ? $focusColor : $fillColor</StrokeColor>
				<StrokeStyle>StrokeStyle.fromString($disabled.value ? "1|1,3" : ($focused.value ? "2|" : "1|"))</StrokeStyle>
			</For>
		</Behaviors>

		<p:Content xmlns:p="http://www.evolus.vn/Namespace/Pencil" xmlns="http://www.w3.org/2000/svg">

			<foreignObject id="content">
				<div xmlns="http://www.w3.org/1999/xhtml" >
					<div id="text">
				    	<!-- content -->
					</div>
				</div>
			</foreignObject>

			<rect id="fakeLabel" style="fill:#000000;fill-opacity:0;" />

			<path  d="M 0,0 L 4,4 L 0,8 z" id="line" />
		</p:Content>
	</Shape>

	<Shape id="tabs" displayName="Tabs" icon="Icons/Tabs.png">
		<Properties>
			<PropertyGroup>
				<Property name="box" type="Dimension">360,48</Property>
				<Property name="highlightText" displayName="Text color same as tab indicator" type="Bool">true</Property>
			</PropertyGroup>

			<PropertyGroup name="Background">
				<Property name="fillColor" displayName="Background Color" type="Color"><E>$$fillColor</E></Property>
			</PropertyGroup>

			<PropertyGroup name="Highlight">
				<Property name="highlightColor" displayName="Highlight Color" type="Color">#FFFFFFFF</Property>
			</PropertyGroup>

			<PropertyGroup name="Text">
				<Property name="contentText" displayName="Text Content" type="PlainText" p:editInfo="({targetName: 'content', bound: Bound.fromBox($box, 0, 5), font: $textFont, align: $textAlign, multi: true})"><![CDATA[ITEM 1*|ITEM 2|ITEM 3]]></Property>
				<Property name="weight" displayName="Font weight" type="Enum"
					p:enumValues="['100|Thin', '300|Light', '400|Normal', '500|Medium', '700|Bold', '900|Ultra-Bold']">500</Property>
				<Property name="textFont" displayName="Default Font" type="Font"><E>$$defaultTextFont</E></Property>
				<Property name="textColor" displayName="Text Color" type="Color">#FFFFFF99</Property>
				<Property name="textAlign" displayName="Text Alignment" type="Alignment">1,1</Property>
			</PropertyGroup>
		</Properties>

		<Behaviors>
			<For ref="bg">
				<Bound>Bound.fromBox($box)</Bound>
				<Fill>$fillColor</Fill>
			</For>

			<For ref="content">
				<Bound>new Bound(0, 0, $box.w, $box.h)</Bound>
			</For>

			<For ref="list">
				<DomContent>
					<![CDATA[

					var items = $contentText.value.split(/\|+/);

					var specs = [];

					for (var i = 0; i < items.length; i++) {
						var text = items[i];

						var css = new CSS();
						css.set("color", $textColor.toRGBAString());
						css.set("background", $fillColor.toRGBAString());
						css.set("display", "table-cell");
						css.set("margin", "0");
						css.set("height", $box.h + "px");
						css.set("width", $box.w + "px");

						collection.setCssTextAlignment(css, $textAlign.h, $textAlign.v);
						collection.setCssFontWeight(css, $weight);

						if (text.match(/(.*)\*$/)) {
							text = RegExp.$1;
							css.set("box-shadow", "inset 0 -2px 0 0 " + $highlightColor.toRGBAString());
							css.set("color", $highlightText.value ? $highlightColor.toRGBAString() : $textColor.toRGBString());
						}

						specs.push({
							_name: "li",
							_uri: "http://www.w3.org/1999/xhtml",
							_text: text,
							style: css
						});
					}

					Dom.newDOMFragment(specs);
					]]>
				</DomContent>

				<Font>$textFont</Font>
			</For>
		</Behaviors>

		<p:Content xmlns:p="http://www.evolus.vn/Namespace/Pencil" xmlns="http://www.w3.org/2000/svg">
			<rect id="bg" />

			<foreignObject id="content">
				<div xmlns="http://www.w3.org/1999/xhtml" >
					<ul id="list" style="list-style: none;
							text-indent: 0;
							padding: 0 0;">
				    	<!-- content -->
					</ul>
				</div>
			</foreignObject>
		</p:Content>
	</Shape>

	<Shape id="Phone" displayName="Phone" icon="Icons/Phone.png">
		<Properties>
			<PropertyGroup>
				<Property name="box" type="Dimension">396,798</Property>
			</PropertyGroup>
			<PropertyGroup name="Background">
				<Property name="fillColor" displayName="Background color" type="Color">#000000FF</Property>
			</PropertyGroup>
		</Properties>

		<Actions>
			<Action id="getSnappingGuide">
				<Impl>
				var b = this.getBounding();
				return [
					new SnappingData("InnerLeft", b.x + 18, "Left", true, this.id),
					new SnappingData("InnerRight", b.x + b.width - 18, "Right", true, this.id),
					new SnappingData("InnerTop", b.y + 68, "Top", false, this.id),
					new SnappingData("InnerBottom", b.y + b.height - 89, "Bottom", false, this.id)
				];
				</Impl>
			</Action>
		</Actions>

		<Behaviors>
			<For ref="phone">
				<Fill>$fillColor</Fill>
				<D>
					var edgeWidth = 18, // width of the phone edge
						topHeight = 68, // distance from top of phone to top of screen
						bottomHeight = 90, // distance from bottom of phone to bottom of screen
						insideRight = $box.w - edgeWidth, // x-coord for the inside right screen edge
						insideBottom = $box.h - bottomHeight;  // y-coord for the inside bottom screen edge

					var curveHeight = 43,  // height of the curved portion of the phone
						curveDistX = 30, // distance of the main curve vertices from the edge (x direction)
						curveDistY = 12, // distance of the main curve vertices from the edge (y direction)
						// coords for the curve anchors. Outer is the corner/curve closest to the phone edges, while inner is for the curve across the top and bottom of the phone.
						anchorOuterHoriX = 16,
						anchorOuterHoriY = 14
						anchorOuterVertDistY = 17,
						anchorInnerDistX = Math.min(142, $box.w*0.36),
						anchorInnerDistY = -3;

					[M(curveDistX,curveDistY),
					C(anchorOuterHoriX,anchorOuterHoriY, 0,curveHeight-anchorOuterVertDistY, 0,curveHeight),
					L(0,$box.h-curveHeight),
					C(0,$box.h-curveHeight+anchorOuterVertDistY, anchorOuterHoriX,$box.h-anchorOuterHoriY, curveDistX,$box.h-curveDistY),
					C(anchorInnerDistX,$box.h-anchorInnerDistY, $box.w-anchorInnerDistX,$box.h-anchorInnerDistY, $box.w-curveDistX,$box.h-curveDistY),
					C($box.w-anchorOuterHoriX,$box.h-anchorOuterHoriY, $box.w,$box.h-curveHeight+anchorOuterVertDistY, $box.w,$box.h-curveHeight),
					L($box.w,curveHeight),
					C($box.w,curveHeight-anchorOuterVertDistY, $box.w-anchorOuterHoriX,anchorOuterHoriY, $box.w-curveDistX,curveDistY),
					C($box.w-anchorInnerDistX,anchorInnerDistY, anchorInnerDistX,anchorInnerDistY, curveDistX,curveDistY),
					z, M(edgeWidth,topHeight), L(insideRight,topHeight), L(insideRight,insideBottom), L(edgeWidth,insideBottom), z]</D>
			</For>
		</Behaviors>

		<p:Content xmlns:p="http://www.evolus.vn/Namespace/Pencil"
		           xmlns="http://www.w3.org/2000/svg">

			<path id="phone" />

		</p:Content>
	</Shape>

	<Shape id="Keyboard" displayName="Keyboard" icon="Icons/Keyboard.png">
		<Properties>
			<PropertyGroup>
				<!-- <Property name="box" type="Dimension">360,222</Property> -->
			</PropertyGroup>
			<PropertyGroup name="Background">
				<Property name="fillColor" displayName="Background color" type="Color">#eceff1ff</Property>
				<Property name="accentColor" displayName="Accent color" type="Color">#4db6acff</Property>
			</PropertyGroup>
			<PropertyGroup name="Text">
				<Property name="textColor" displayName="Text Color" type="Color">#37474fff</Property>
			</PropertyGroup>
		</Properties>

		<Behaviors>
			<For ref="bg,backspace-cross">
				<Fill>$fillColor</Fill>
				<!--<Bound>Bound.fromBox($box)</Bound> TODO: make the keyboard resizable -->
			</For>

			<For ref="line">
				<Fill>$fillColor.shaded(-0.5)</Fill>
			</For>

			<For ref="text">
				<Fill>$textColor</Fill>
			</For>

			<For ref="shift,backspace">
				<Fill>$textColor.hollowed(0.41)</Fill>
			</For>

			<For ref="space">
				<Fill>$textColor.hollowed(0.85)</Fill>
			</For>

			<For ref="numbers">
				<Fill>$textColor.hollowed(0.3)</Fill>
			</For>

			<For ref="symbols">
				<Fill>$textColor.hollowed(0.2)</Fill>
			</For>

			<For ref="go-bg">
				<Fill>$accentColor</Fill>
			</For>

		</Behaviors>

		<p:Content xmlns:p="http://www.evolus.vn/Namespace/Pencil"
		           xmlns="http://www.w3.org/2000/svg">

				<defs>
					<linearGradient
						id="shadowFill"
						x1="0%"
						y1="0%"
						x2="0%"
						y2="100%" >

						<stop
							id="stop1"
							offset="0"
							style="stop-color:#000000;stop-opacity:0" />
						<stop
							id="stop2"
							offset="1"
							style="stop-color:#000000;stop-opacity:0.1" />
					</linearGradient>
				</defs>

				<rect
				width="360"
				height="5"
				x="0"
				y="-5"
				id="shadow"
				style="fill: url(#shadowFill)" />

				<rect
				width="360"
				height="222"
				x="0"
				y="0"
				id="bg" />

				<rect
				width="360"
				height="1"
				x="0"
				id="line"
				y="0" />

				<path
				d="m 96.986064,180 165.999996,0 c 2.21,0 4,1.784 4,4 l 0,15.99998 c 0,2.216 -1.79,4 -4,4 l -165.999996,0 c -2.22,0 -4,-1.784 -4,-4 l 0,-15.99998 c 0,-2.216 1.78,-4 4,-4 z"
				id="space"
				style="fill:#d1d6d9" />
				<path
				d="m 350.98606,192 a 18,18 0 0 1 -18,18 18,18 0 0 1 -18,-18 18,18 0 0 1 18,-18 18,18 0 0 1 18,18 z"
				id="go-bg"
				style="fill:#4db6ac" />
				<path
				d="m 330.48606,185.58594 -1.42,1.41407 5,5 -5,5 1.42,1.41406 5,-5 1.41,-1.41406 -1.41,-1.41407 -5,-5 z"
				id="go-arrow"
				style="fill:#ffffff" />
				<path
				d="m 329.98606,126.99915 c -0.81,0.036 -1.2,0.4213 -1.69,0.92969 l -5.55,7.90039 c 1.51,2.33025 5.03,7.96555 5.97,8.71093 0.35,0.28301 0.78,0.45899 1.27,0.45899 l 15,0 c 1.11,0 2,-0.89199 2,-2 l 0,-14 c 0,-1.10801 -0.89,-2 -2,-2 z"
				id="backspace"
				style="fill:#7f8b8f" />
				<path
				d="m 332.91606,131.00002 -1.43,1.42868 3.57,3.57143 -3.57,3.57143 1.43,1.42857 3.57,-3.57143 3.57,3.57143 1.43,-1.42857 -3.57,-3.57143 3.57,-3.57143 -1.43,-1.42868 -3.57,3.56956 z"
				id="backspace-cross"
				style="fill:#eceff1" />
				<path
				d="m 24.98606,127 -12,13 7,0 0,6 10,0 0,-6 7,0 -12,-13 z m -8,27 0,2.06641 16,0 0,-2.06641 -16,0 z"
				id="shift" />
				<g
				id="text">
					<g id="symbols">
						<path
						d="m 14.05606,194.17601 q 0,-0.81965 0.19,-1.29491 0.17,-0.47525 0.7,-1.05383 l 0.91,-0.92985 q 0.57,-0.65434 0.57,-1.40511 0,-0.72322 -0.37,-1.1296 -0.38,-0.41326 -1.11,-0.41326 -0.7,0 -1.13,0.37194 -0.42,0.37194 -0.42,0.99873 l -1.28,0 q 0,-1.11583 0.79,-1.79772 0.79,-0.68878 2.04,-0.68878 1.31,0 2.03,0.70256 0.73,0.69567 0.73,1.9148 0,1.20537 -1.12,2.37629 l -0.75,0.74388 q -0.5,0.55791 -0.5,1.60486 l -1.28,0 z m 0,2.18343 q 0,-0.30995 0.19,-0.51659 0.19,-0.21352 0.56,-0.21352 0.37,0 0.57,0.21352 0.19,0.20664 0.19,0.51659 0,0.30995 -0.19,0.51658 -0.2,0.19975 -0.57,0.19975 -0.37,0 -0.56,-0.19975 -0.19,-0.20663 -0.19,-0.51658 z"
						id="path8039" />
						<path
						d="m 23.28606,197 -1.28,0 0,-8.49264 -2.57,0.94362 0,-1.15714 3.65,-1.37067 0.2,0 0,10.07683 z"
						id="path8041" />
						<path
						d="m 33.60606,197 -6.57,0 0,-0.91607 3.47,-3.85717 q 0.77,-0.87475 1.06,-1.41888 0.3,-0.55102 0.3,-1.13649 0,-0.7852 -0.48,-1.28801 -0.47,-0.50281 -1.26,-0.50281 -0.95,0 -1.48,0.54413 -0.53,0.53725 -0.53,1.50154 l -1.27,0 q 0,-1.38444 0.89,-2.23853 0.89,-0.85409 2.39,-0.85409 1.4,0 2.21,0.737 0.81,0.7301 0.81,1.94924 0,1.48088 -1.89,3.52655 l -2.68,2.91354 5.03,0 0,1.04005 z"
						id="path8043" />
						<path
						d="m 36.82606,191.36579 0.96,0 q 0.9,-0.0138 1.42,-0.47526 0.51,-0.46148 0.51,-1.24669 0,-1.76327 -1.75,-1.76327 -0.83,0 -1.33,0.47526 -0.49,0.46837 -0.49,1.24669 l -1.27,0 q 0,-1.19159 0.87,-1.9768 0.87,-0.7921 2.22,-0.7921 1.41,0 2.22,0.75077 0.81,0.75077 0.81,2.087 0,0.65434 -0.43,1.26736 -0.42,0.61301 -1.15,0.91607 0.83,0.26174 1.27,0.86786 0.46,0.60613 0.46,1.48088 0,1.35001 -0.88,2.1421 -0.89,0.7921 -2.3,0.7921 -1.41,0 -2.3,-0.76455 -0.88,-0.76454 -0.88,-2.01812 l 1.28,0 q 0,0.7921 0.52,1.26735 0.51,0.47526 1.38,0.47526 0.93,0 1.41,-0.48214 0.49,-0.48215 0.49,-1.38445 0,-0.87475 -0.53,-1.34312 -0.54,-0.46837 -1.55,-0.48214 l -0.96,0 0,-1.04006 z"
						id="path8045" />
					</g>
					<path
					d="m 71.48606,203.31653 -1.18,-0.81299 q 1.06,-1.47918 1.11,-3.0487 l 0,-1.88568 2.04,0 0,1.63726 q 0,1.14045 -0.57,2.28089 -0.55,1.14044 -1.4,1.82922 z"
					id="path8047" />
					<path
					d="m 102.59606,83.789677 q 0,-2.81159 1.34,-4.51661 1.33,-1.7163 3.48,-1.7163 2.15,0 3.4,1.46789 l 0,-6.36841 2.09,0 0,17.34375 -1.92,0 -0.1,-1.30981 q -1.25,1.53564 -3.49,1.53564 -2.12,0 -3.46,-1.73889 -1.34,-1.73889 -1.34,-4.53918 l 0,-0.15808 z m 2.09,0.23712 q 0,2.07763 0.86,3.25195 0.86,1.17432 2.37,1.17432 1.99,0 2.9,-1.78406 l 0,-5.61188 q -0.93,-1.7276 -2.88,-1.7276 -1.53,0 -2.39,1.18561 -0.86,1.18561 -0.86,3.51166 z"
					id="path8049" />
					<path
					d="m 142.82606,89.999997 0,-10.60272 -1.93,0 0,-1.61468 1.93,0 0,-1.25336 q 0,-1.96472 1.05,-3.03742 1.05,-1.07269 2.97,-1.07269 0.72,0 1.43,0.19196 l -0.11,1.69372 q -0.53,-0.10162 -1.13,-0.10162 -1.02,0 -1.57,0.59845 -0.55,0.58716 -0.55,1.69372 l 0,1.28724 2.6,0 0,1.61468 -2.6,0 0,10.60272 -2.09,0 z"
					id="path8051" />
					<path
					d="m 174.70606,83.789677 q 0,-2.85676 1.32,-4.53919 1.33,-1.69372 3.5,-1.69372 2.24,0 3.49,1.58081 l 0.11,-1.35498 1.9,0 0,11.92382 q 0,2.37122 -1.41,3.73749 -1.4,1.36627 -3.77,1.36627 -1.32,0 -2.59,-0.56457 -1.26,-0.56458 -1.93,-1.54694 l 1.09,-1.25335 q 1.34,1.65985 3.28,1.65985 1.53,0 2.37,-0.85816 0.86,-0.85815 0.86,-2.41638 l 0,-1.05011 q -1.25,1.44531 -3.42,1.44531 -2.14,0 -3.48,-1.7276 -1.32,-1.7276 -1.32,-4.70855 z m 2.1,0.23712 q 0,2.06634 0.85,3.25195 0.85,1.17432 2.37,1.17432 1.98,0 2.9,-1.79535 l 0,-5.57801 q -0.96,-1.75018 -2.88,-1.75018 -1.52,0 -2.38,1.18561 -0.86,1.18561 -0.86,3.51166 z"
					id="path8053" />
					<path
					d="m 213.26606,79.261777 q 1.39,-1.70501 3.62,-1.70501 3.87,0 3.9,4.36981 l 0,8.07342 -2.09,0 0,-8.08471 q 0,-1.32111 -0.61,-1.95343 -0.58,-0.63233 -1.84,-0.63233 -1.01,0 -1.78,0.54199 -0.77,0.542 -1.2,1.42273 l 0,8.70575 -2.09,0 0,-17.34375 2.09,0 0,6.60553 z"
					id="path8055" />
					<path
					d="m 253.19606,77.782597 0,13.62884 q 0,3.52295 -3.19,3.52295 -0.69,0 -1.28,-0.20325 l 0,-1.67114 q 0.36,0.0903 0.95,0.0903 0.7,0 1.06,-0.38391 0.37,-0.37262 0.37,-1.30981 l 0,-13.67401 2.09,0 z m -2.3,-3.24067 q 0,-0.49682 0.3,-0.84686 0.32,-0.36133 0.92,-0.36133 0.61,0 0.93,0.35004 0.31,0.35004 0.31,0.85815 0,0.50812 -0.31,0.84687 -0.32,0.33874 -0.93,0.33874 -0.61,0 -0.92,-0.33874 -0.3,-0.33875 -0.3,-0.84687 z"
					id="path8057" />
					<path
					d="m 287.24606,84.342957 -1.31,1.36627 0,4.29077 -2.09,0 0,-17.34375 2.09,0 0,10.48981 1.12,-1.34369 3.8,-4.01977 2.54,0 -4.75,5.10376 5.31,7.11364 -2.45,0 -4.26,-5.65704 z"
					id="path8059" />
					<path
					d="m 325.08606,89.999997 -2.09,0 0,-17.34375 2.09,0 0,17.34375 z"
					id="path8061" />
					<path
					d="m 74.97606,86.759337 q 0,-0.84686 -0.65,-1.30981 -0.63,-0.47425 -2.22,-0.81299 -1.58,-0.33875 -2.52,-0.81299 -0.93,-0.47424 -1.38,-1.12915 -0.44,-0.65491 -0.44,-1.55823 0,-1.50177 1.27,-2.54059 1.27,-1.03881 3.25,-1.03881 2.08,0 3.36,1.07269 1.3,1.07269 1.3,2.74383 l -2.1,0 q 0,-0.85815 -0.73,-1.47918 -0.73,-0.62104 -1.83,-0.62104 -1.14,0 -1.79,0.49683 -0.64,0.49683 -0.64,1.29852 0,0.75653 0.6,1.14044 0.6,0.38392 2.16,0.73395 1.56,0.35004 2.54,0.83557 0.97,0.48554 1.43,1.17432 0.47,0.67749 0.47,1.65985 0,1.63727 -1.31,2.63092 -1.31,0.98236 -3.39,0.98236 -1.47,0 -2.6,-0.51941 -1.13,-0.51941 -1.77,-1.44531 -0.64,-0.93719 -0.64,-2.02118 l 2.09,0 q 0.1,1.05011 0.84,1.67114 0.79,0.60975 2.08,0.60975 1.18,0 1.89,-0.47425 0.73,-0.48553 0.73,-1.28723 z"
					id="path8063" />
					<path
					d="m 39.02606,89.999997 q -0.18,-0.36133 -0.29,-1.28723 -1.46,1.51306 -3.48,1.51306 -1.81,0 -2.97,-1.01623 -1.15,-1.02753 -1.15,-2.59705 0,-1.90826 1.44,-2.95837 1.46,-1.0614 4.09,-1.0614 l 2.03,0 0,-0.95978 q 0,-1.09528 -0.65,-1.73889 -0.66,-0.65491 -1.93,-0.65491 -1.12,0 -1.88,0.56457 -0.75,0.56458 -0.75,1.36628 l -2.11,0 q 0,-0.91462 0.65,-1.76148 0.65,-0.85815 1.76,-1.35498 1.12,-0.49682 2.45,-0.49682 2.11,0 3.31,1.0614 1.2,1.05011 1.24,2.90191 l 0,5.62317 q 0,1.68244 0.43,2.67609 l 0,0.18066 -2.19,0 z m -3.47,-1.5921 q 0.99,0 1.87,-0.50812 0.88,-0.50811 1.27,-1.3211 l 0,-2.50672 -1.64,0 q -3.83,0 -3.83,2.24701 0,0.98236 0.65,1.53565 0.66,0.55328 1.68,0.55328 z"
					id="path8065" />
					<path
					d="m 90.536064,35.225827 q -2.49,0 -4.05,-1.62597 -1.55,-1.63727 -1.55,-4.36982 l 0,-0.38391 q 0,-1.81793 0.68,-3.24066 0.7,-1.43402 1.95,-2.23572 1.25,-0.81298 2.71,-0.81298 2.38,0 3.7,1.56951 1.32,1.56952 1.32,4.49402 l 0,0.86945 -8.28,0 q 0,1.80664 1.05,2.9245 1.02,1.10657 2.58,1.10657 1.11,0 1.87,-0.45166 0.77,-0.45166 1.35,-1.1969 l 1.27,0.99365 q -1.53,2.35992 -4.6,2.35992 z m -0.26,-10.95276 q -1.27,0 -2.13,0.92591 -0.85,0.91461 -1.06,2.57446 l 6.12,0 0,-0.15808 q -0.1,-1.5921 -0.86,-2.46155 -0.76,-0.88074 -2.07,-0.88074 z"
					id="path8067" />
					<path
					d="m 129.49606,24.656987 q -0.48,-0.0791 -1.03,-0.0791 -2.06,0 -2.79,1.75019 l 0,8.67187 -2.09,0 0,-12.2174 2.03,0 0,1.41143 q 1.02,-1.63726 2.91,-1.63726 0.61,0 0.93,0.15808 l 0,1.94214 z"
					id="path8069" />
					<path
					d="m 162.51606,19.824217 0,2.95838 2.28,0 0,1.61468 -2.28,0 0,7.5766 q 0,0.73395 0.31,1.10657 0.3,0.36133 1.04,0.36133 0.36,0 0.99,-0.1355 l 0,1.69372 q -0.82,0.22583 -1.6,0.22583 -1.4,0 -2.11,-0.84686 -0.72,-0.84686 -0.72,-2.40509 l 0,-7.5766 -2.22,0 0,-1.61468 2.22,0 0,-2.95838 2.09,0 z"
					id="path8071" />
					<path
					d="m 198.09606,31.940007 2.84,-9.15741 2.24,0 -4.91,14.10308 q -1.14,3.04871 -3.63,3.04871 l -0.39,-0.0339 -0.78,-0.14679 0,-1.69373 0.56,0.0452 q 1.06,0 1.65,-0.42908 0.6,-0.42908 0.98,-1.56952 l 0.47,-1.24207 -4.36,-12.0819 2.28,0 3.05,9.15741 z"
					id="path8073" />
					<path
					d="m 236.93606,33.791807 q -1.22,1.43402 -3.58,1.43402 -1.95,0 -2.98,-1.12915 -1.01,-1.14044 -1.02,-3.36487 l 0,-7.94921 2.09,0 0,7.89276 q 0,2.77771 2.25,2.77771 2.4,0 3.19,-1.78406 l 0,-8.88641 2.09,0 0,12.2174 -1.99,0 -0.1,-1.20819 z"
					id="path8075" />
					<path
					d="m 271.02606,34.999997 -2.09,0 0,-12.2174 2.09,0 0,12.2174 z m -2.26,-15.45807 q 0,-0.50811 0.3,-0.85815 0.32,-0.35004 0.93,-0.35004 0.61,0 0.92,0.35004 0.32,0.35004 0.32,0.85815 0,0.50812 -0.32,0.84687 -0.31,0.33874 -0.92,0.33874 -0.61,0 -0.93,-0.33874 -0.3,-0.33875 -0.3,-0.84687 z"
					id="path8077" />
					<path
					d="m 300.55606,28.778377 q 0,-1.79535 0.7,-3.22937 0.71,-1.43402 1.96,-2.21313 1.27,-0.77911 2.88,-0.77911 2.5,0 4.03,1.7276 1.55,1.7276 1.55,4.59564 l 0,0.14679 q 0,1.78405 -0.69,3.20678 -0.68,1.41144 -1.95,2.20185 -1.27,0.7904 -2.92,0.7904 -2.48,0 -4.03,-1.7276 -1.53,-1.7276 -1.53,-4.57306 l 0,-0.14679 z m 2.1,0.24842 q 0,2.03247 0.93,3.26324 0.95,1.23078 2.53,1.23078 1.6,0 2.53,-1.24207 0.94,-1.25336 0.94,-3.50037 0,-2.00988 -0.96,-3.25195 -0.95,-1.25336 -2.53,-1.25336 -1.55,0 -2.49,1.23078 -0.95,1.23077 -0.95,3.52295 z"
					id="path8079" />
					<path
					d="m 57.96606,32.120667 2.35,-9.33807 2.09,0 -3.56,12.2174 -1.69,0 -2.97,-9.25903 -2.89,9.25903 -1.7,0 -3.54,-12.2174 2.08,0 2.4,9.14611 2.85,-9.14611 1.68,0 2.9,9.33807 z"
					id="path8081" />
					<path
					d="m 12.76606,28.789677 q 0,-2.87934 1.32,-4.55048 1.32,-1.68243 3.55,-1.68243 2.16,0 3.42,1.4566 l 0.1,-1.23077 1.92,0 0,16.91467 -2.09,0 0,-5.82642 q -1.27,1.35498 -3.37,1.35498 -2.21,0 -3.53,-1.71631 -1.31,-1.7276 -1.31,-4.57305 l 0,-0.14679 z m 2.09,0.23712 q 0,2.10022 0.88,3.29712 0.89,1.1969 2.39,1.1969 1.87,0 2.85,-1.64856 l 0,-5.9845 q -0.99,-1.61469 -2.82,-1.61469 -1.52,0 -2.41,1.20819 -0.89,1.1969 -0.89,3.54554 z"
					id="path8083" />
					<path
					d="m 347.42606,29.026797 q 0,2.789 -1.28,4.49402 -1.27,1.70501 -3.45,1.70501 -2.22,0 -3.5,-1.41144 l 0,5.88288 -2.09,0 0,-16.91467 1.91,0 0.1,1.35498 q 1.28,-1.58081 3.55,-1.58081 2.2,0 3.47,1.65985 1.29,1.65985 1.29,4.61822 l 0,0.19196 z m -2.09,-0.23712 q 0,-2.06635 -0.88,-3.26325 -0.88,-1.1969 -2.42,-1.1969 -1.89,0 -2.84,1.68244 l 0,5.8377 q 0.94,1.67115 2.87,1.67115 1.5,0 2.38,-1.18561 0.89,-1.1969 0.89,-3.54553 z"
					id="path8085" />
					<path
					d="m 107.95606,137.24274 2.71,-4.46014 2.44,0 -4,6.04095 4.12,6.17645 -2.41,0 -2.82,-4.57306 -2.83,4.57306 -2.43,0 4.13,-6.17645 -4,-6.04095 2.42,0 2.67,4.46014 z"
					id="path8087" />
					<path
					d="m 144.35606,143.52082 q 1.11,0 1.95,-0.67749 0.84,-0.67749 0.93,-1.69373 l 1.97,0 q 0,1.05011 -0.72,1.9986 -0.67,0.94848 -1.78,1.51306 -1.11,0.56457 -2.35,0.56457 -2.5,0 -3.98,-1.65985 -1.47,-1.67114 -1.47,-4.56177 l 0,-0.35003 q 0,-1.78406 0.66,-3.17292 0.65,-1.38885 1.87,-2.15667 1.23,-0.76782 2.91,-0.76782 2.05,0 3.41,1.23077 1.36,1.23077 1.45,3.19549 l -1.97,0 q -0.1,-1.1856 -0.91,-1.94213 -0.8,-0.76783 -1.98,-0.76783 -1.6,0 -2.48,1.15174 -0.87,1.14044 -0.87,3.30841 l 0,0.3952 q 0,2.11151 0.87,3.25195 0.87,1.14045 2.49,1.14045 z"
					id="path8089" />
					<path
					d="m 180.16606,142.16584 3.02,-9.38324 2.14,0 -4.38,12.2174 -1.59,0 -4.43,-12.2174 2.13,0 3.11,9.38324 z"
					id="path8091" />
					<path
					d="m 221.52606,139.0268 q 0,2.80029 -1.29,4.50531 -1.29,1.69372 -3.46,1.69372 -2.31,0 -3.58,-1.63727 l -0.1,1.41144 -1.92,0 0,-17.34375 2.09,0 0,6.47003 q 1.27,-1.56951 3.49,-1.56951 2.23,0 3.49,1.68243 1.28,1.68243 1.28,4.60693 l 0,0.18067 z m -2.09,-0.23712 q 0,-2.1341 -0.83,-3.29712 -0.82,-1.16303 -2.37,-1.16303 -2.06,0 -2.97,1.91956 l 0,5.28442 q 0.96,1.91956 2.99,1.91956 1.51,0 2.34,-1.16303 0.84,-1.16302 0.84,-3.50036 z"
					id="path8093" />
					<path
					d="m 249.30606,132.7826 0.1,1.53564 q 1.4,-1.76147 3.66,-1.76147 3.87,0 3.9,4.36981 l 0,8.07342 -2.09,0 0,-8.08471 q 0,-1.32111 -0.61,-1.95343 -0.58,-0.63233 -1.84,-0.63233 -1.01,0 -1.78,0.54199 -0.77,0.542 -1.2,1.42273 l 0,8.70575 -2.09,0 0,-12.2174 1.98,0 z"
					id="path8095" />
					<path
					d="m 281.33606,132.7826 0.1,1.35498 q 1.34,-1.58081 3.62,-1.58081 2.56,0 3.49,1.96472 0.61,-0.88074 1.58,-1.42273 0.98,-0.54199 2.32,-0.54199 4.02,0 4.08,4.25689 l 0,8.18634 -2.09,0 0,-8.06213 q 0,-1.30982 -0.59,-1.95343 -0.6,-0.65491 -2.01,-0.65491 -1.17,0 -1.93,0.70007 -0.77,0.68879 -0.9,1.8631 l 0,8.1073 -2.1,0 0,-8.00567 q 0,-2.6648 -2.61,-2.6648 -2.05,0 -2.81,1.75018 l 0,8.92029 -2.09,0 0,-12.2174 1.98,0 z"
					id="path8097" />
					<path
					d="m 69.82606,143.29499 7.14,0 0,1.70501 -9.7,0 0,-1.53564 6.75,-8.95416 -6.64,0 0,-1.7276 9.25,0 0,1.47918 -6.8,9.03321 z"
					id="path8099" />
					<path
					d="m 286.53606,198.94672 q 0,-0.54199 0.32,-0.90332 0.33,-0.36133 0.97,-0.36133 0.65,0 0.97,0.36133 0.34,0.36133 0.34,0.90332 0,0.51941 -0.34,0.86944 -0.32,0.35004 -0.97,0.35004 -0.64,0 -0.97,-0.35004 -0.32,-0.35003 -0.32,-0.86944 z"
					id="path8101" />
					<g id="numbers">
						<path
						d="m 30.28606,15.298767 -1.45,0 0,-5.5878693 -1.73,0.5367093 0,-1.1787693 3.02,-1.08346 0.16,0 0,7.3133893 z" />
						<path
						d="m 67.85606,15.298767 -5.01,0 0,-0.99318 2.36,-2.51805 q 0.49,-0.5317 0.72,-0.92797 0.24,-0.39627 0.24,-0.7524 0,-0.4865593 -0.25,-0.7624393 -0.25,-0.2809 -0.7,-0.2809 -0.49,0 -0.78,0.34109 -0.28,0.33607 -0.28,0.8878393 l -1.46,0 q 0,-0.6671293 0.32,-1.2188993 0.32,-0.55176 0.9,-0.86276 0.59,-0.31601 1.32,-0.31601 1.13,0 1.75,0.54173 0.63,0.54174 0.63,1.5299 0,0.5417293 -0.28,1.1035293 -0.28,0.56179 -0.96,1.30918 l -1.66,1.7506 3.14,0 0,1.16874 z" />
						<path
						d="m 100.38606,11.005037 0.77,0 q 0.55,0 0.82,-0.27589 0.26,-0.27588 0.26,-0.7323393 0,-0.44141 -0.26,-0.6872 -0.26,-0.24578 -0.72,-0.24578 -0.42,0 -0.7,0.23074 -0.28,0.22572 -0.28,0.59189 l -1.449996,0 q 0,-0.57183 0.3,-1.02327 0.31,-0.45646 0.87,-0.71228 0.549996,-0.25582 1.219996,-0.25582 1.16,0 1.82,0.55678 0.65,0.55177 0.65,1.52488 0,0.5015993 -0.3,0.9229493 -0.31,0.42135 -0.81,0.64707 0.62,0.22071 0.92,0.66212 0.31,0.44141 0.31,1.04333 0,0.97312 -0.71,1.55999 -0.71,0.58688 -1.88,0.58688 -1.09,0 -1.789996,-0.57684 -0.69,-0.57685 -0.69,-1.52488 l 1.449996,0 q 0,0.41131 0.3,0.67215 0.31,0.26083 0.77,0.26083 0.51,0 0.8,-0.27086 0.3,-0.27589 0.3,-0.72733 0,-1.0935 -1.21,-1.0935 l -0.76,0 0,-1.13362 z" />
						<path
						d="m 139.25606,12.549977 0.83,0 0,1.16874 -0.83,0 0,1.58005 -1.45,0 0,-1.58005 -2.99,0 -0.1,-0.91292 3.05,-4.8103893 1.46,0 0,4.5545693 z m -3.06,0 1.61,0 0,-2.5782493 -0.1,0.1655293 -1.52,2.41272 z" />
						<path
						d="m 171.12606,11.707277 0.42,-3.7118693 4.09,0 0,1.20887 -2.9,0 -0.18,1.5700193 q 0.52,-0.27588 1.1,-0.27588 1.04,0 1.63,0.64707 0.59,0.64707 0.59,1.81079 0,0.70726 -0.3,1.26906 -0.29,0.55678 -0.85,0.86777 -0.56,0.30598 -1.31,0.30598 -0.67,0 -1.23,-0.26585 -0.57,-0.27087 -0.9,-0.75742 -0.33,-0.48656 -0.35,-1.10855 l 1.44,0 q 0,0.45646 0.31,0.71228 0.28,0.2508 0.72,0.2508 0.49,0 0.76,-0.35112 0.26,-0.35614 0.26,-1.00321 0,-0.62199 -0.3,-0.95305 -0.31,-0.33106 -0.87,-0.33106 -0.52,0 -0.84,0.27087 l -0.14,0.13042 -1.15,-0.28592 z" />
						<path
						d="m 210.74606,7.9201677 0,1.19382 -0.14,0 q -0.98,0.015 -1.58,0.51164 -0.6,0.4965793 -0.72,1.3794093 0.58,-0.5919 1.47,-0.5919 0.95,0 1.52,0.68219 0.56,0.68218 0.56,1.79574 0,0.71228 -0.31,1.28912 -0.31,0.57685 -0.88,0.89787 -0.56,0.32103 -1.27,0.32103 -1.15,0 -1.87,-0.80257 -0.7,-0.80256 -0.7,-2.14185 l 0,-0.52167 q 0,-1.1888 0.44,-2.0966993 0.45,-0.91292 1.29,-1.40951 0.85,-0.5016 1.95,-0.50662 l 0.24,0 z m -1.41,3.6566993 q -0.35,0 -0.64,0.18559 -0.28,0.18058 -0.42,0.48154 l 0,0.44141 q 0,0.72733 0.29,1.13864 0.28,0.4063 0.8,0.4063 0.47,0 0.75,-0.36617 0.29,-0.37119 0.29,-0.95806 0,-0.59691 -0.29,-0.96308 -0.29,-0.36617 -0.78,-0.36617 z" />
						<path
						d="m 247.93606,8.8080077 -2.82,6.4907593 -1.53,0 2.83,-6.1295993 -3.63,0 0,-1.17376 5.15,0 0,0.8126 z" />
						<path
						d="m 283.59606,9.9366177 q 0,0.5316993 -0.26,0.9430193 -0.27,0.41131 -0.74,0.6571 0.54,0.25582 0.85,0.70726 0.31,0.44643 0.31,1.05337 0,0.97311 -0.66,1.53992 -0.67,0.5618 -1.81,0.5618 -1.13,0 -1.8,-0.56681 -0.67,-0.56682 -0.67,-1.53491 0,-0.60694 0.31,-1.05839 0.31,-0.45144 0.84,-0.70224 -0.47,-0.24579 -0.73,-0.6571 -0.26,-0.41132 -0.26,-0.9430193 0,-0.93298 0.62,-1.48475 0.62,-0.55678 1.69,-0.55678 1.06,0 1.68,0.55177 0.63,0.54674 0.63,1.48976 z m -1.3,3.2554093 q 0,-0.47652 -0.27,-0.76244 -0.28,-0.28591 -0.75,-0.28591 -0.46,0 -0.73,0.28591 -0.28,0.2809 -0.28,0.76244 0,0.46649 0.27,0.75241 0.27,0.28591 0.75,0.28591 0.48,0 0.74,-0.27588 0.27,-0.27588 0.27,-0.76244 z m -0.15,-3.18519 q 0,-0.4263593 -0.22,-0.6821793 -0.23,-0.26083 -0.64,-0.26083 -0.41,0 -0.63,0.2508 -0.23,0.2508 -0.23,0.6922093 0,0.4364 0.23,0.70225 0.22,0.26585 0.63,0.26585 0.42,0 0.64,-0.26585 0.22,-0.26585 0.22,-0.70225 z" />
						<path
						d="m 318.22606,12.379427 q -0.57,0.55678 -1.32,0.55678 -0.97,0 -1.55,-0.66211 -0.59,-0.66714 -0.59,-1.79575 0,-0.7172893 0.32,-1.3141993 0.31,-0.60193 0.87,-0.93298 0.57,-0.33608 1.27,-0.33608 0.72,0 1.28,0.36116 0.56,0.36115 0.87,1.03832 0.32,0.67716 0.32,1.5499493 l 0,0.53672 q 0,1.82584 -0.91,2.86918 -0.91,1.04333 -2.57,1.11356 l -0.36,0.005 0,-1.20886 0.32,-0.005 q 1.9,-0.0853 2.05,-1.77568 z m -0.97,-0.55176 q 0.35,0 0.6,-0.18058 0.26,-0.18058 0.39,-0.4364 l 0,-0.5969 q 0,-0.7373593 -0.28,-1.1436593 -0.28,-0.4063 -0.75,-0.4063 -0.44,0 -0.72,0.40128 -0.28,0.39627 -0.28,0.9981893 0,0.59691 0.27,0.98315 0.28,0.38122 0.77,0.38122 z" />
						<path
						d="m 355.79606,12.279107 q 0,1.51485 -0.63,2.31741 -0.62,0.80257 -1.83,0.80257 -1.2,0 -1.83,-0.78752 -0.63,-0.78752 -0.64,-2.25722 l 0,-1.3443 q 0,-1.5298893 0.63,-2.3224193 0.63,-0.79254 1.83,-0.79254 1.19,0 1.82,0.78752 0.64,0.7825 0.65,2.2521993 l 0,1.3443 z m -1.45,-1.47471 q 0,-0.9079093 -0.25,-1.3192193 -0.24,-0.41634 -0.77,-0.41634 -0.51,0 -0.76,0.39627 -0.24,0.39125 -0.25,1.2289293 l 0,1.77568 q 0,0.89286 0.24,1.32925 0.24,0.43138 0.78,0.43138 0.53,0 0.77,-0.41633 0.23,-0.41633 0.24,-1.27407 l 0,-1.73555 z" />
					</g>
				</g>


		</p:Content>
	</Shape>
</Shapes>
